{
  "auc_score": 0.6645420342631057,
  "log_loss": 0.5290047507955027,
  "optimal_threshold": 0.7500000000000002,
  "expectancy": 1.000886524822695,
  "win_rate": 0.6669621749408984,
  "n_features": 24,
  "n_train": 67627,
  "n_test": 14493
}