{
  "auc_score": 0.5,
  "log_loss": 0.7033150920974253,
  "optimal_threshold": 0.5,
  "expectancy": 0.7089227421109902,
  "win_rate": 0.5696409140369968,
  "n_features": 76,
  "n_train": 17150
}