{
  "auc_score": 0.5,
  "log_loss": 0.7060837902234399,
  "optimal_threshold": 0.5,
  "expectancy": 0.6174099946265449,
  "win_rate": 0.539136664875515,
  "n_features": 76,
  "n_train": 17364
}