{
  "auc_score": 0.5,
  "log_loss": 0.7058542781669633,
  "optimal_threshold": 0.5,
  "expectancy": 0.6360938764499595,
  "win_rate": 0.5453646254833199,
  "n_features": 76,
  "n_train": 17294
}