{
  "auc_score": 0.5,
  "log_loss": 0.7032422123541218,
  "optimal_threshold": 0.5,
  "expectancy": 0.7083895333153494,
  "win_rate": 0.5694631777717831,
  "n_features": 76,
  "n_train": 17297
}