{
  "auc_score": 0.5,
  "log_loss": 0.7116532580952988,
  "optimal_threshold": 0.5,
  "expectancy": 0.410752688172043,
  "win_rate": 0.47025089605734766,
  "n_features": 76,
  "n_train": 17360
}